{"torrentleech.org":{"/":{"__cfduid":{"key":"__cfduid","value":"de0341698986f1f880521bbcbd42256821446680881","expires":"2016-11-03T23:48:01.000Z","domain":"torrentleech.org","path":"/","httpOnly":true,"hostOnly":false,"creation":"2015-11-04T23:48:03.728Z","lastAccessed":"2015-11-05T16:10:02.103Z"},"PHPSESSID":{"key":"PHPSESSID","value":"c8o1l23talcsldkbbmvfmla894","domain":"torrentleech.org","path":"/","hostOnly":true,"creation":"2015-11-04T23:48:03.732Z","lastAccessed":"2015-11-05T16:10:01.759Z"},"member_id":{"key":"member_id","value":"107629","expires":"2038-01-19T03:14:07.000Z","maxAge":700802765,"domain":"torrentleech.org","path":"/","hostOnly":false,"creation":"2015-11-04T23:48:03.734Z","lastAccessed":"2015-11-05T16:10:02.103Z"},"pass_hash":{"key":"pass_hash","value":"6e36d7a81e8f947a93f2e06edffb440c","expires":"2038-01-19T03:14:07.000Z","maxAge":700802765,"domain":"torrentleech.org","path":"/","hostOnly":false,"creation":"2015-11-04T23:48:03.734Z","lastAccessed":"2015-11-05T16:10:02.103Z"},"tluid":{"key":"tluid","value":"766788","expires":"2038-01-19T03:14:07.000Z","maxAge":700802765,"domain":"torrentleech.org","path":"/","hostOnly":false,"creation":"2015-11-04T23:48:03.735Z","lastAccessed":"2015-11-05T16:10:02.103Z"},"tlpass":{"key":"tlpass","value":"f8424198c001b8951aac79b55af9a31a85e6b992","expires":"2038-01-19T03:14:07.000Z","maxAge":700802765,"domain":"torrentleech.org","path":"/","hostOnly":false,"creation":"2015-11-04T23:48:03.736Z","lastAccessed":"2015-11-05T16:10:02.103Z"},"lastBrowse1":{"key":"lastBrowse1","value":"1446739166","expires":"2038-01-19T03:14:07.000Z","maxAge":700743859,"domain":"torrentleech.org","path":"/","hostOnly":false,"creation":"2015-11-04T23:48:04.157Z","lastAccessed":"2015-11-05T16:10:02.103Z"},"lastBrowse2":{"key":"lastBrowse2","value":"1446739788","expires":"2038-01-19T03:14:07.000Z","maxAge":700743859,"domain":"torrentleech.org","path":"/","hostOnly":false,"creation":"2015-11-04T23:48:04.158Z","lastAccessed":"2015-11-05T16:10:02.103Z"}}},"www.torrentleech.org":{"/":{"PHPSESSID":{"key":"PHPSESSID","value":"jo1e3on81qh250vo4b7c4jjb13","domain":"www.torrentleech.org","path":"/","hostOnly":true,"creation":"2015-11-05T01:20:15.910Z","lastAccessed":"2015-11-05T16:10:02.556Z"}}}}